5215,电影,嗯宝龙电影
5216,电影,中影嘉博影剧院桐乡店
5217,电影,万达电影都有什么
5218,电影,新亚卢米埃
5219,电影,东星影城
5220,电影,黑猫警长大电影
5221,电影,低下之魔童降世
5222,电影,上悦汇影城
5223,电影,蜘蛛侠：英雄远征
5224,电影,番禺泛洋影院
5225,电影,103电影
5226,电影,中原国中影国际影视城
5227,电影,芜湖路华电影
5228,电影,新上映的电影那
5229,电影,九里提凯德广场CGV影城
5230,电影,华西电影城
5231,电影,银谷电影院
5232,电影,华夏电影城
5233,电影,母广场电影
5234,电影,横店影城武侯店
5235,电影,电影特警队
5236,电影,电影院附近电影院
5237,电影,这家横店影院
5238,电影,中影新天地概念影城
5239,电影,藁城金棕榈影城
5240,电影,齐天大圣的电影
5241,电影,东兴时代广场电影院
5242,电影,华夏影视城的新电影
5243,电影,海绵宝宝大电影
5244,电影,上海迪士尼电影票
5245,电影,赛尔号大电影3
5246,电影,哪吒之魔童降世汊河
5247,电影,康城华侨电影院
5248,电影,情侣电影院
5249,电影,愤怒的小鸟大电影
5250,电影,看的电影
5251,电影,庆春宁泰卢米埃
5252,电影,3D电影票
5253,电影,环太平洋雷轰真气
5254,电影,阳光国际影城
5255,电影,有没有熊出没之原始时代的电影儿
5256,电影,宝龙电影院
5257,电影,九州新世纪影城
5258,电影,南通崇川区校西路银河欢乐影城
5259,电影,碟中谍
5260,电影,C加影城终极银幕
5261,电影,我要看电影你娘的娘的呢真的我很想他要不介意里面有娘的你才是你tnd而且量大一定要用什么才能读出来呢
5262,电影,电影查理巧克力工厂
5263,电影,太平电影院
5264,电影,吃猪侠
5265,电影,无扎电影
5266,电影,复仇者联盟复仇者联盟
5267,电影,世界百货的电影
5268,电影,影城爆米花
5269,电影,我的世界电影
5270,电影,哪炸2
5271,电影,燕郊星罗影院
5272,电影,明天的电影
5273,电影,嗯美汇影城
5274,电影,KTV万达电影院
5275,电影,有没有电影院电影
5276,电影,动画电影
5277,电影,美城广场电影院
5278,电影,汇德隆电影
5279,电影,龙塘电影院
5280,电影,劳动街的7阳光美亚巨幕电影院的电影
5281,电影,嘎拉湾电影院
5282,电影,萤火奇兵2交城不好惹
5283,电影,中央城电影院
5284,电影,极乐的之魔童降世
5285,电影,兰州中心 电影
5286,电影,蜘蛛侠的店
5287,电影,中华广场电影城
5288,电影,今天有什么上映的电影
5289,电影,成都电影
5290,电影,吾悦广场电影院
5291,电影,万象汇尔电影院
5292,电影,中国惠影
5293,电影,哪吒魔童降世
5294,电影,云南不上门的电影院儿
5295,电影,哥斯拉2怪兽之王
5296,电影,没有郑州市电影院
5297,电影,四平万达电影
5298,电影,电影院 奥斯卡
5299,电影,爵迹2电影票
5300,电影,愿者上钩平地
5301,电影,萤火骑兵
5302,电影,萌宠大机密2
5303,电影,赛尔号大电影池
5304,电影,进店电影
5305,电影,电影团购票
5306,电影,鹏瑞利电影院
5307,电影,小心笑电影
5308,电影,华发商都中国巨幕
5309,电影,九方电影院
5310,电影,赛尔号大电影院
5311,电影,会展中心电影世界
5312,电影,动画大电影
5313,电影,河南影城
5314,电影,玉龙湾电影城1
5315,电影,金象影院
5316,电影,吃出侠英雄远征
5317,电影,万达影城金沙广场店
5318,电影,冰雪宫宫主
5319,电影,格力海岸电影院
5320,电影,兰州太平洋影城
5321,电影,时代天街金逸影城
5322,电影,八佰伴幸福蓝海电影院
5323,电影,新瑞广场电影
5324,电影,今日2电影城
5325,电影,无敌破坏王2
5326,电影,濮阳单身是电影院
5327,电影,崇尚百货电影院
5328,电影,哥斯拉2:怪兽之王
5329,电影,掃毒2天地对决
5330,电影,奥斯卡巨幕
5331,电影,银座影院
5332,电影,赛车总动员
5333,电影,5号停机坪电影院
5334,电影,沃尔玛电影
5335,电影,南宁恒大影城
5336,电影,东方电影城
5337,电影,万达影城松林店猪猪侠不可思议的世界有没有下午的
5338,电影,半夜叫你别回头
5339,电影,炸鱼电影
5340,电影,哪吒之魔童降世二
5341,电影,龙光儿童电影
5342,电影,东荣国际影城月亮河店
5343,电影,小花仙大电影
5344,电影,英雄远征
5345,电影,新锐广场电影
5346,旅游,里约大冒险
5347,电影,赣州电影院的炸馄饨
5348,电影,弘扬影城
5349,电影,阳光大舞台有什么电影
5350,电影,好看电影
5351,电影,动物王国
5352,电影,大学路奥斯卡
5353,电影,杭州嘉影城的
5354,电影,乌鲁木齐电影
5355,电影,沉睡魔咒
5356,电影,中影影院
5357,电影,十堰电影院电影票价
5358,电影,许z电影院
5359,电影,重返二十岁
5360,电影,孔明灯
5361,电影,乐购影城
5362,电影,赛尔号赛尔号
5363,电影,星轶影城
5364,电影,上影影城
5365,电影,三和影院
5366,电影,吉关电影院
5367,电影,x战警:黑凤凰
5368,电影,名侦探柯南大电影
5369,电影,东风大润发电影院
5370,电影,龙蛇之战
5371,电影,复仇者联盟话说
5372,电影,蔡塘影城
5373,电影,使徒行者
5374,电影,玩具总动物
5375,电影,洛阳看电影的地方
5376,电影,利辛电影院
5377,电影,双发电影
5378,电影,哆啦A梦和大熊
5379,电影,阿拉丁
5380,电影,赛尔号大电影汽
5381,电影,常州保利大剧院
5382,电影,ZZ神嫌疑人X的献身
5383,电影,蓝落街电影院
5384,电影,姜子牙
5385,电影,菱角湖万达电影
5386,电影,所以的电影院
5387,电影,搞笑的电影
5388,电影,大侦探福尔摩斯
5389,电影,成都的公园橙天国际影城
5390,电影,九层妖塔
5391,电影,菱角湖万达广场电影院
5392,电影,去摩登街电影院
5393,电影,伟大的疯狂
5394,电影,开元国际影城常州
5395,电影,湖西路电影
5396,电影,自嘲电影院
5397,电影,威宁有勇你有那个美人鱼片不
5398,电影,贝肯熊
5399,电影,尚美电影城
5400,电影,虫虫杜哥奥斯卡影城
5401,电影,个撒电影
5402,电影,中山北火锅电影院
5403,电影,唐伯虎
5404,电影,今世影城
5405,电影,小猪佩奇电影
5406,电影,冰雪女王四
5407,电影,孙悟空传
5408,电影,哪炸电影票
5409,电影,乐天新东北
5410,电影,北京万达影城通州银兴观磨店
5411,电影,花星影城
5412,电影,星摩尔影城
5413,电影,新吉影城
5414,电影,红古区华夏影视城
5415,电影,那咋电影
5416,电影,上亿广场影城
5417,电影,盛泽世纪影城盛泽店
5418,电影,晶广线影城
5419,电影,鸿坤影院
5420,电影,搜索回龙观的电影院
5421,电影,侦探比卡丘
5422,电影,万明影城坪山店
5423,电影,附近电影城
5424,电影,寻找隐藏的纬度
5425,电影,衡水电影院
5426,电影,成龙影院
5427,电影,大电影
5428,电影,我大作战电影
5429,美食,帝企鹅日记
5430,电影,星辰电影院
5431,电影,佰港城的电影院
5432,电影,小马宝莉的电影。
5433,电影,致盈广场电影院
5434,电影,碟中谍4
5435,电影,DFc影城
5436,电影,半壁店新村电影院
5437,电影,卢米埃影城
5438,电影,出没之原始时代
5439,电影,发烧电影
5440,电影,嘉兴影城
5441,电影,最近的电影院鼠胆
5442,电影,哪咤电影
5443,电影,乐荟城电影
5444,电影,星耀影城宣化店
5445,电影,呢查电影
5446,电影,青柠影咖
5447,电影,蜘蛛侠预告片
5448,电影,新上映电影
5449,电影,长安奥斯卡国际影城
5450,电影,猪猪侠大电影
5451,电影,大侦探皮卡丘
5452,电影,顺义区电影院
5453,电影,淮北电影票万达
5454,电影,广饶县大王镇的电影院
5455,电影,星空影城
5456,电影,百川影城
5457,电影,太空影城
5458,电影,冰雪女王4：魔镜世界
5459,电影,秦皇岛的电影院都有哪些
5460,电影,赛尔号大电影妻之疯狂机器城
5461,电影,银河补习班电影
5462,电影,呵呵侠之英雄远征
5463,电影,你我咋之魔童降世的电影
5464,电影,狮子王电影儿
5465,电影,千与千寻电影
5466,电影,东大上品电影院
5467,电影,西村电影院
5468,电影,玩具总动员4
5469,电影,熊出没原始时代
5470,电影,漫乐城的电影院
5471,电影,旋风女队
5472,电影,尚雅国际影城
5473,电影,秦皇新天地影城
5474,电影,万象城电影院
5475,电影,好看的电影
5476,电影,太平洋影视城
5477,电影,邢台市影剧院
5478,电影,榕城电影院
5479,电影,叶尔江电影院
5480,电影,杀破狼3
5481,电影,艾特慢电影
5482,电影,奉天往事电影
5483,电影,新天地新远影城IMAX
5484,电影,海亮电影院
5485,电影,大润发电影院
5486,电影,电影咯撒
5487,电影,未来方舟电影票
5488,电影,中信泰富又一城电影院
5489,电影,甘蓝正都市广场比高电影院
5490,电影,明天看的是什么电影
5491,电影,高新区影城
5492,电影,呃新电影
5493,电影,赛尔号7大电影
5494,电影,速度与激情9
5495,电影,猪猪侠之大电影
5496,电影,长春路万达影城
5497,电影,熊出没电影
5498,电影,博纳影院
5499,电影,卢米影院
5500,电影,密云电影院
5501,电影,蛟龙国际紫荆电影城
5502,电影,瑞麟湾影城
5503,电影,万达国际影城
5504,电影,离我这最近的电影院
5505,电影,电影购票
5506,电影,鸿记康德电影院
5507,电影,小马宝莉之恋
5508,电影,大世界电影院金东广场店
5509,电影,今日有哪些电影今日的电影有哪些
5510,电影,熊大熊二
5511,电影,雪人奇缘
5512,电影,吴中万达
5513,电影,没之原始时代
5514,电影,幸福蓝海国际影城
5515,电影,宏泰电影
5516,电影,菱角湖电影院
5517,电影,电影100
5518,电影,银河补习班
5519,电影,迷死盛达影城
5520,电影,周边的影城
5521,电影,狗狗的疯狂假期
5522,电影,定的电影院
5523,电影,今天有电影
5524,电影,想看电影去哪
5525,电影,使徒行者2
5526,电影,东城电影
5527,电影,百利城电影
5528,电影,银泰的电影院
5529,电影,新东北影城
5530,电影,航洋国际影城
5531,电影,电影院百姓奥斯卡电影院
5532,电影,勒泰电影
5533,电影,光头强电影
5534,电影,花园口电影院
5535,电影,哪吒降魔将士
5536,电影,动画电影有什么
5537,电影,杭州佳映影城
5538,电影,悟空传
5539,电影,蓝波湾电影院
5540,电影,电影院
5541,电影,京城八十一号
5542,电影,状元龙腾电影院
5543,电影,最近上映的电影有些什么
5544,电影,谍战电影
5545,电影,大润发银河电影票
5546,电影,中影思哲
5547,电影,佳艺影城
5548,电影,汇金电影院
5549,电影,双阳电影娱乐城
5550,电影,万达影城香坊店
5551,电影,福州电影院
5552,电影,符合里影城
5553,电影,九方电影
5554,电影,拿炸酱零之魔童降世
5555,电影,搜电影
5556,电影,在美团买的电影票退票怎么退
5557,电影,我今奥斯卡
5558,电影,战狼二
5559,电影,华夏影视城会展中心店的新电影
5560,电影,滨海那家电影院
5561,电影,盘龙影院
5562,电影,幻影忍者大电影
5563,电影,百货大楼电影院
5564,电影,哪炸2电影
5565,电影,嗯嗯一家电影城家佳源
5566,电影,永春张天志
5567,电影,奥斯卡电影城
5568,电影,罗布奥特曼
5569,电影,你好特是吗今天电影
5570,电影,红色电影
5571,电影,上市电影
5572,电影,英语电影
5573,电影,冰雪女王是
5574,电影,赛尔号丢
5575,电影,哥斯拉奥
5576,电影,星美国际影商城金山百联店
5577,电影,长春新天地电影院2到期冰雪女王第三季
5578,电影,无锡堰桥梦想城电影院叫什么名字啊
5579,电影,新中百电影院的票
5580,电影,南郊公园电影
5581,电影,去4影院
5582,电影,2020年的电影
5583,电影,商丘奥斯卡金地广场影城
5584,电影,通州星美
5585,电影,那咋降魔降世
5586,电影,Z茂电影院
5587,电影,启帆路电影院
5588,电影,爱日影剧院
5589,电影,乐中喜影城云霄店
5590,电影,萤火奇兵2
5591,电影,100影城
5592,电影,蜘蛛侠平行宇宙
5593,电影,电影院 杨家坪
5594,电影,我是哪吒
5595,电影,洛阳王府井电影城
5596,电影,呃咋电影
5597,电影,复仇者联盟1
5598,电影,时光记忆影城
5599,电影,可以看什么电影可以看什么电影
5600,电影,速度与激情特别轻重
5601,电影,泰国那国际影城
5602,电影,罗庄区财富广场宝丽电影票
5603,电影,电影院有看3D的
5604,电影,爵迹二什么时候上映
5605,电影,牛栏山电影
5606,电影,射洪电影院
5607,电影,电影院的爆米花
5608,电影,金冠电影院
5609,电影,放映的电影
5610,电影,龙洲星美
5611,电影,眼屎时代儿童电影
5612,电影,小孩子电影
5613,电影,北京电影院
5614,电影,赛尔号大电影5
5615,电影,金凤凰电影院蓝泰店
5616,电影,中影新干线
5617,电影,查理九世电影
5618,电影,嗯博纳影城
5619,电影,光合世界电影。
5620,电影,红旺的电影票。
5621,电影,时尚国际影城
5622,电影,东海城市广场电影院
5623,电影,二期电影院
5624,电影,火山湖电影院
5625,电影,新上映的电影
5626,电影,古代电影
5627,电影,今天有什么电影
5628,电影,电影熊出没
5629,电影,赛尔号大电影7：疯狂机器城
5630,电影,横店电影
5631,电影,大黄蜂电影
5632,电影,铤而走险电影
5633,电影,奥纳影城
5634,电影,龙猫电影
5635,电影,蜘蛛侠之英雄归来
5636,电影,岭南站附近电影院
5637,电影,奥斯卡农业路店
5638,电影,万达广场电影
5639,电影,城南公园幺七五影院
5640,电影,奥斯卡电影
5641,电影,使徒行者2：谍影行动
5642,电影,韩柏国际电影
5643,电影,沃美影城
5644,电影,幸福蓝海有勇
5645,电影,海底两万里电影
5646,电影,幸福蓝海电影城
5647,电影,大润发电影城
5648,电影,看不见你小孩
5649,电影,崇州星美电影院
5650,电影,未上映的电影
5651,电影,我要看年限赛尔号7疯狂机械城
5652,电影,大侦探皮卡丘电影
5653,电影,喜羊羊与灰太狼大电影
5654,电影,烈火英雄电影
5655,电影,思南星空影城
5656,电影,保利国际影城
5657,电影,杭州奥斯卡电影院
5658,电影,女王的柯基浴缸
5659,电影,附近的电影院
5660,电影,抖音很火的电影
5661,电影,奥斯卡金福苑影城
5662,电影,哥斯拉龙华店
5663,电影,瘦长鬼影
5664,电影,电影狮子王
5665,电影,哦斋电影
5666,电影,新华国际影城新苏
5667,电影,明年漫威电影
5668,电影,新灰姑娘
5669,电影,龙拳小子
5670,电影,是徒行者电影
5671,电影,上影国际影城
5672,电影,邯郸新世纪电影城
5673,电影,岳云鹏演的电影
5674,电影,美嘉影城
5675,电影,小虫不好惹
5676,电影,战狼3
5677,电影,万达影视城门票多少钱
5678,电影,栀子花开
5679,电影,熊出没之原始
5680,电影,嘉亭荟电影院
5681,电影,未来机械城
5682,电影,中影巨幕
5683,电影,广元万达影城影讯
5684,电影,玩具总动员电影
5685,电影,新天地影城
5686,电影,加侨广场成龙电影院
5687,电影,皮卡丘千金影城皮卡丘
5688,电影,的电影
5689,电影,成员侏罗纪公园
5690,电影,星美影院
5691,电影,美亚国际影城
5692,电影,现在热播的电影
5693,电影,银兴影院
5694,电影,百美汇王国良老人比较
5695,电影,看影院
5696,电影,猪猪侠不可思议的世界什么时候播放
5697,电影,枪战电影
5698,电影,哪吒闹海
5699,电影,凯达电影城今天演什么电影
5700,电影,泉舜的全顺的电影院几点关门
5701,电影,新亚奥斯卡电影院
5702,电影,银河系补习班
5703,电影,沉睡魔咒2
5704,电影,中央大街电影
5705,电影,昆虫总动员2
5706,电影,铁西电影
5707,电影,凤凰影城
5708,电影,变形金刚电影的玩儿的刚
5709,电影,老梁坊影院
5710,电影,周城吾悦广场电影院
5711,电影,橙天嘉禾
5712,电影,丛林历险记
5713,电影,芜湖的八佰伴电影院有几点
5714,电影,时代广场讹诈电影票
5715,电影,功夫熊猫3
5716,电影,鲜影城
5717,电影,大黄蜂电影变形金
5718,电影,电影哪吒
5719,电影,贴身保镖
5720,电影,真话电影院
5721,电影,最近好看的电影
5722,电影,烽禾影院
5723,电影,查理九世大电影
5724,电影,少年的你
5725,电影,看哥斯拉电影
5726,电影,神奇马戏团
5727,电影,送我上青云
5728,电影,哥斯拉之怪兽之王
5729,电影,超级大坏蛋电影
5730,旅游,西游记女儿国
5731,电影,熊出没大电影熊出没大电影
5732,电影,愤怒的心的小鸟大电影2
5733,电影,牟平成龙影院
5734,电影,我想孩子小孩子的电影
5735,电影,电影有些什么
5736,电影,番禺范阳影院
5737,电影,恒大影城魔芋
5738,电影,今天看的是什么电影
5739,电影,钢铁侠无敌复仇者联盟2
5740,电影,哦这样的电影票
5741,电影,看不见的小孩
5742,电影,赛尔号大电影
5743,电影,米路电影院
5744,电影,重庆永川万达影城
5745,电影,电影蜘蛛侠英雄远征
5746,电影,泗门影剧院有什么电影
5747,电影,碟中谍3
5748,电影,恒大影城大寨路
5749,电影,在杭州嘉禾
5750,电影,解放街电影院
5751,电影,嫌疑人X的献身中文版
5752,电影,白港城的电影院
5753,电影,西红柿首富
5754,电影,西大桥嘉兴影院
5755,电影,资阳万达影城
5756,电影,圣熙八号的电影院
5757,电影,英雄远征电影票
5758,电影,呃什么现在电影
5759,电影,栖霞华彩电影城
5760,电影,吉视影城
5761,电影,电影哪吒传奇
5762,电影,余姚影院
5763,电影,罗庄鲁信影城明天的电影
5764,电影,万达电影
5765,电影,赛尔号大电影7赛尔号大电影7
5766,电影,金棕榈和平影城
5767,电影,若论与你共乘海浪之上
5768,电影,蜘蛛侠套餐
5769,电影,辽宁省海城市首座影城
5770,电影,新苏电影院
5771,电影,哪吒之魔童降世门票还有吗
5772,电影,洗浴电影怎么
5773,电影,20194246的电影
5774,电影,愤怒的小鸟2中文版
5775,电影,顺风车
5776,电影,3D眼镜
5777,电影,华联影院
5778,电影,邵局2天地对决
5779,美食,佛跳墙
5780,电影,江腾广场电影
5781,电影,环球国际影城
5782,电影,蜘蛛侠
5783,电影,西美电影狮子王门票
5784,电影,摩天轮活力城电影购票
5785,电影,福克斯
5786,电影,超凡蜘蛛侠
5787,电影,欧亚附近电影院
5788,电影,乐播私营影院
5789,电影,邯郸大剧院
5790,电影,银河时代影城
5791,电影,万象影院
5792,电影,蜘蛛侠之英雄远征
5793,电影,燕化影剧院
5794,电影,洛阳V电影城
5795,电影,菲林山谷
5796,电影,粤海影院
5797,电影,师院奥斯卡影城
5798,电影,世界上最好看的电影
5799,电影,看电影儿
5800,电影,三毛豪华影城
5801,电影,抢劫坚果店
5802,电影,冰雪公主电影
5803,电影,临平最林离临平最近的影城在哪里
5804,电影,金逸影城
5805,电影,后巷电影院
5806,电影,哆啦A
5807,电影,唐人街探案3
5808,旅游,漂流
5809,旅游,方特
5810,旅游,温泉
5811,旅游,欢乐谷
5812,旅游,长隆水上乐园
5813,旅游,长隆
5814,旅游,巽寮湾
5815,旅游,旅游团
5816,旅游,野生动物园
5817,旅游,青龙峡
5818,旅游,方特水上乐园
5819,旅游,博物馆
5820,旅游,波塞冬
5821,旅游,海洋馆
5822,旅游,动物园
5823,旅游,苏州水上乐园
5824,旅游,常州恐龙园
5825,旅游,玛雅水上乐园
5826,旅游,水世界
5827,旅游,海底世界
5828,旅游,迪士尼
5829,旅游,水上世界
5830,旅游,上海迪士尼乐园
5831,旅游,广州长隆
5832,旅游,水魔方
5833,旅游,珠海长隆
5834,旅游,颐和园
5835,旅游,蹦极
5836,旅游,上海野生动物园
5837,旅游,欧乐堡
5838,旅游,上海科技馆
5839,旅游,科技馆
5840,旅游,海洋世界
5841,旅游,极地海洋世界
5842,旅游,附近的旅游景点
5843,旅游,南湖水上乐园
5844,旅游,上海迪士尼门票
5845,旅游,好玩的地方
5846,旅游,北戴河
5847,旅游,世界之窗
5848,旅游,室内水上乐园
5849,旅游,鼓浪屿
5850,旅游,御汤泉
5851,旅游,水立方
5852,旅游,景区
5853,旅游,公园
5854,旅游,北京欢乐谷
5855,旅游,嬉戏谷
5856,旅游,融创乐园
5857,旅游,东钱湖水上乐园
5858,旅游,欢乐水世界
5859,旅游,沈阳方特
5860,旅游,乐华城
5861,旅游,玻璃栈道
5862,旅游,广州长隆水上乐园
5863,旅游,仙螺岛
5864,旅游,梦幻水城
5865,旅游,恐龙园
5866,旅游,东戴河
5867,旅游,横店影视城
5868,旅游,海洋公园
5869,旅游,鲅鱼圈
5870,旅游,珠海长隆海洋王国
5871,旅游,故宫门票
5872,旅游,玩的地方
5873,旅游,丽水冒险岛
5874,旅游,凤凰古城
5875,旅游,天山海世界
5876,旅游,杭州乐园
5877,旅游,海边
5878,旅游,热带风暴
5879,旅游,郑州海洋馆
5880,旅游,锦江乐园
5881,旅游,上海动物园
5882,旅游,鼎龙湾
5883,旅游,昆山游玩
5884,旅游,芜湖方特
5885,旅游,上海欢乐谷
5886,旅游,红河谷漂流
5887,旅游,摩天轮
5888,旅游,附近好玩的地方
5889,旅游,上海外滩
5890,旅游,哈尔滨波塞冬
5891,旅游,横店梦幻谷
5892,旅游,沙滩
5893,旅游,发现王国
5894,旅游,迪士尼乐园
5895,旅游,东方明珠
5896,旅游,玛雅海滩
5897,旅游,上海海昌海洋公园
5898,旅游,南京海底世界
5899,旅游,峨眉山
5900,旅游,熊猫基地
5901,旅游,恐龙乐园
5902,旅游,疯狂的麦咭
5903,旅游,凤凰山
5904,旅游,郑州方特
5905,旅游,冒险岛
5906,旅游,郑州水上乐园
5907,旅游,苏州乐园
5908,旅游,附近的水上乐园
5909,旅游,森林公园
5910,旅游,长城
5911,旅游,长隆欢乐世界
5912,旅游,方特欢乐世界
5913,旅游,旅游景区
5914,旅游,奥帕拉拉
5915,旅游,承德避暑山庄
5916,旅游,天津之眼
5917,旅游,海滩
5918,旅游,本溪大峡谷
5919,旅游,武汉欢乐谷
5920,旅游,开封银基水世界
5921,旅游,水上乐园儿
5922,旅游,张家界
5923,旅游,过山车
5924,旅游,华夏文旅
5925,旅游,主题乐园
5926,旅游,拈花湾
5927,旅游,长隆野生动物园
5928,旅游,历史博物馆
5929,旅游,横店
5930,旅游,水上游乐园
5931,旅游,玻璃桥
5932,旅游,迪斯尼乐园
5933,旅游,阿酋湾水上乐园
5934,旅游,千朝浪屿
5935,旅游,杭州野生动物园
5936,旅游,附近景点
5937,旅游,嵊泗列岛
5938,旅游,深圳欢乐谷
5939,旅游,本溪水洞
5940,旅游,常州嬉戏谷
5941,旅游,银杏湖
5942,旅游,龙宫大白鲸
5943,旅游,碧海金沙
5944,旅游,云南旅游
5945,旅游,欢乐水魔方
5946,旅游,上海迪士尼乐园门票
5947,旅游,涠洲岛
5948,旅游,蟹岛
5949,旅游,东部华侨城
5950,旅游,玛雅水公园
5951,旅游,方特梦幻王国
5952,旅游,宁波方特
5953,旅游,迪士尼门票
5954,旅游,银杏湖游乐园
5955,旅游,庞泉沟
5956,旅游,九畹溪漂流
5957,旅游,双月湾
5958,旅游,蜈支洲岛
5959,旅游,盈香生态园
5960,旅游,格林水世界
5961,旅游,自驾游
5962,旅游,安吉欢乐风暴
5963,旅游,伏尔加庄园
5964,旅游,大海
5965,旅游,东方山水乐园
5966,旅游,动物园门票
5967,旅游,上海海洋水族馆
5968,旅游,兵马俑
5969,旅游,乐岛
5970,旅游,四季贵州
5971,旅游,霍山大峡谷
5972,旅游,海昌海洋公园
5973,旅游,广州长隆欢乐世界
5974,旅游,镜泊湖
5975,旅游,虹溪谷
5976,旅游,杨梅坑
5977,旅游,南京博物院
5978,旅游,神农架旅游攻略
5979,旅游,城隍庙
5980,旅游,厦门大学
5981,旅游,多吗乐园
5982,旅游,乌镇
5983,旅游,魅力赣江
5984,旅游,水族馆
5985,旅游,济南方特
5986,旅游,威尼斯水世界
5987,旅游,哪里好玩
5988,旅游,恐龙博物馆
5989,旅游,杜莎夫人蜡像馆
5990,旅游,御温泉
5991,旅游,趵突泉
5992,旅游,银基乐海水世界
5993,旅游,梦幻谷
5994,旅游,大同方特
5995,旅游,新澳海底世界
5996,旅游,淹城动物园
5997,旅游,去哪里玩
5998,旅游,热浪岛
5999,旅游,银基冰雪世界
6000,旅游,阳光海岸
6001,旅游,上海水上乐园
6002,旅游,附近的公园
6003,旅游,苏州森林水世界
6004,旅游,鸳鸯溪漂流
6005,旅游,凯旋王国
6006,旅游,威尼斯水上乐园
6007,旅游,碧螺塔
6008,旅游,贵安水世界
6009,旅游,普陀山
6010,旅游,宋城
6011,旅游,冰雪世界
6012,旅游,薰衣草庄园
6013,旅游,古北水镇
6014,旅游,极地海洋公园
6015,旅游,水蜜芭莎
6016,旅游,蜡像馆
6017,旅游,清远漂流
6018,旅游,融创水世界
6019,旅游,泸沽湖
6020,旅游,芜湖方特水上乐园
6021,旅游,苏州湾梦幻水世界
6022,旅游,九寨沟
6023,旅游,普陀山门票
6024,旅游,马仁奇峰
6025,旅游,七星海世界
6026,旅游,上海海昌公园
6027,旅游,野三坡
6028,旅游,南戴河
6029,旅游,杨侍水上乐园
6030,旅游,上海好玩的地方
6031,旅游,探险王国
6032,旅游,阿酋湾
6033,旅游,杭州西湖
6034,旅游,千岛湖
6035,旅游,长沙世界之窗
6036,旅游,周边游
6037,旅游,园博园
6038,旅游,北京野生动物园
6039,旅游,汤山水魔方
6040,旅游,长影世纪城
6041,旅游,千朝浪屿水世界
6042,旅游,附近好玩的景点
6043,旅游,温州乐园
6044,旅游,老虎滩
6045,旅游,昭山水上乐园
6046,旅游,中华恐龙园
6047,旅游,万达水上乐园
6048,旅游,邯郸方特
6049,旅游,花溪谷
6050,旅游,尧山漂流
6051,旅游,洛阳水上乐园
6052,旅游,武汉周边景点
6053,旅游,北国水世界
6054,旅游,秦岭野生动物园
6055,旅游,郑州方特水上乐园
6056,旅游,嘉峪关方特
6057,旅游,北京科技馆
6058,旅游,广州塔
6059,旅游,欢乐世界
6060,旅游,植物园
6061,旅游,漫山花溪谷
6062,旅游,红山动物园
6063,旅游,南通探险王国
6064,旅游,金沙滩
6065,旅游,泰山
6066,旅游,八达岭长城
6067,旅游,长鹿农庄
6068,旅游,成都欢乐谷
6069,旅游,郑州银基冰雪世界
6070,旅游,鼋头渚
6071,旅游,关山牧场
6072,旅游,重庆水上乐园
6073,旅游,深圳景点
6074,旅游,深圳水上乐园
6075,旅游,湿地
6076,旅游,包头周边的旅游景点
6077,旅游,青岛海底世界
6078,旅游,上海博物馆
6079,旅游,上海玛雅水上乐园
6080,旅游,水乐园
6081,旅游,北京故宫
6082,旅游,迪斯尼
6083,旅游,郑州动物园
6084,旅游,徐州加勒比
6085,旅游,山东旅游
6086,旅游,关东文化园
6087,旅游,杜甫草堂
6088,旅游,恐龙世界
6089,旅游,云台山
6090,旅游,厦门方特梦幻王国
6091,旅游,燕窝水世界
6092,旅游,鼓浪屿船票
6093,旅游,豫西大峡谷
6094,旅游,一水云天
6095,旅游,圆明园
6096,旅游,海口哪里好玩
6097,旅游,克里湾
6098,旅游,毛主席纪念堂
6099,旅游,加勒比水上乐园
6100,旅游,海上乐园
6101,旅游,南京水魔方
6102,旅游,曲江海洋馆
6103,电影,植物大战僵尸
6104,旅游,白洋淀
6105,旅游,水濂山水上乐园
6106,旅游,上海自然博物馆
6107,旅游,七彩云南欢乐世界
6108,旅游,野生动物园门票
6109,旅游,动物园儿
6110,旅游,汉阳水上乐园
6111,旅游,雅戈尔动物园
6112,旅游,锦里沟
6113,旅游,玛雅海滩水公园
6114,旅游,森林水世界
6115,旅游,附近有什么好玩的地方
6116,旅游,白云山
6117,旅游,常州恐龙园门票
6118,旅游,爱之城
6119,旅游,附近的景点
6120,其他生活服务,鞍山御汤泉
6121,旅游,淹城
6122,旅游,北京好玩的地方
6123,旅游,笔架山
6124,旅游,北京旅游
6125,旅游,常州中华恐龙园
6126,旅游,石燕湖
6127,旅游,狼牙山
6128,旅游,水濂山
6129,旅游,十渡
6130,旅游,乐华欢乐世界
6131,旅游,檀溪谷
6132,旅游,瑞贝卡水世界
6133,旅游,西宁好玩的景点
6134,旅游,松原威尼斯水上乐园
6135,旅游,老君山
6136,旅游,贵安欢乐世界
6137,旅游,极致水世界
6138,旅游,好玩儿的地方
6139,旅游,长白山
6140,旅游,天津水上乐园
6141,旅游,波塞冬水上乐园
6142,旅游,抱犊寨
6143,旅游,龙洞
6144,旅游,水世界水上乐园
6145,旅游,滑雪场
6146,旅游,多玛乐园
6147,旅游,温泉水上乐园
6148,旅游,莫干山
6149,旅游,方特东方神画
6150,旅游,摩锐水世界
6151,旅游,缆车
6152,旅游,青海湖
6153,旅游,陕西博物馆
6154,旅游,蚌埠热浪岛
6155,旅游,上海海洋馆
6156,旅游,热高乐园
6157,旅游,海底两万里
6158,旅游,江布拉克
6159,旅游,浅水湾
6160,旅游,广州好玩的地方
6161,旅游,雁荡山
6162,旅游,蝴蝶谷
6163,旅游,天津欢乐谷
6164,旅游,恐龙谷
6165,旅游,世博园门票
6166,旅游,蚌埠嘉年华
6167,旅游,泰安方特
6168,旅游,泉林山庄
6169,旅游,南昆山
6170,旅游,世纪欢乐园
6171,旅游,丽水冒险岛门票
6172,旅游,常州周边游
6173,旅游,西溪湿地
6174,旅游,德阳和海
6175,旅游,呀诺达
6176,旅游,圣蓝海洋公园儿
6177,旅游,鸟巢
6178,旅游,林胡古塞
6179,旅游,呼伦贝尔大草原
6180,旅游,哈尔滨好玩的地方
6181,旅游,孝感爱琴海
6182,旅游,滦州古城
6183,旅游,凤翔山庄
6184,旅游,炭河千古情
6185,旅游,抚顺海洋馆
6186,旅游,周边有什么好玩的
6187,旅游,附近有什么景点
6188,旅游,宜昌朝天吼
6189,旅游,万家惠水世界
6190,旅游,武汉玛雅
6191,旅游,西塘古镇
6192,旅游,南戴河仙螺岛
6193,旅游,金水湾
6194,旅游,梵净山
6195,旅游,大午温泉
6196,旅游,西安都有哪些好玩的地方
6197,旅游,大峡谷
6198,旅游,西塘
6199,旅游,八达岭野生动物园
6200,旅游,附近有没有好玩的地方
6201,旅游,芝麻开门
6202,旅游,有什么可以玩的地方
6203,旅游,爱琴海水上乐园
6204,旅游,烂苹果乐园
6205,旅游,博罗哪里好玩
6206,旅游,中国科技馆
6207,旅游,红河谷
6208,旅游,避暑山庄门票
6209,地址/地标,济宁万象城
6210,旅游,上海景点
6211,旅游,万通水世界
6212,旅游,绿洲欢乐世界
6213,旅游,红树林
6214,旅游,巴音布鲁克
6215,旅游,嬉戏谷门票
6216,旅游,大型游乐场
6217,旅游,海边沙滩
6218,旅游,横店梦幻谷门票
6219,旅游,奥帕拉拉水上乐园
6220,旅游,天目湖水世界
6221,交通,我查的是首尔到延吉的单程机票
6222,交通,克拉玛依到喀什的航班
6223,交通,衡阳机场到白地市有多远
6224,交通,到郑州的飞机票
6225,交通,新疆飞机票
6226,交通,订机票订机票
6227,交通,成都的机票
6228,交通,我想买十月一号的飞机票
6229,交通,哈尔滨三亚直飞机票
6230,交通,湛江到重庆的航班
6231,交通,查找郑州到珠海的飞机票
6232,交通,瑞丽至昆明的机票
6233,交通,青岛到天津的飞机票多少钱
6234,交通,青岛到温州的机票
6235,交通,连机票
6236,交通,中午去南宁的飞机
6237,交通,从东营到北京的机票
6238,交通,怎么订飞机票
6239,交通,查一下明天从天津去南京的飞机票
6240,交通,嫩江到哈市的飞机票
6241,交通,北戴河到北京的机票
6242,交通,泰国九日游机票
6243,交通,武汉天河至成都双流机场
6244,交通,好机票
6245,交通,岳阳至上海的机票
6246,交通,嗯到昆明的机票
6247,交通,赶紧之长春的机票
6248,交通,从北京到海南的机票
6249,交通,南阳到北京的飞机票二十九号的多少钱
6250,交通,西安到江苏的机票票价
6251,交通,兰江至上海的飞机票
6252,交通,厦门到大连的机票多少钱
6253,交通,粥城宜山机票多少钱州城宜山
6254,交通,景洪到昆明的飞机票价格
6255,交通,厦门到运城的机票
6256,交通,订东航的机票
6257,交通,帮我查查海口到揭阳的机票
6258,交通,南京到云南大理的飞机票
6259,交通,查查石家庄到厦门的飞机票
6260,交通,飞机票无锡到晕场酒吧月一号
6261,交通,哈尔滨到东海飞机票
6262,交通,想查一下首尔到延吉的机票
6263,交通,九月十八号去杭州的机票
6264,交通,下周二下午北京到上海的航班
6265,交通,厦门到杭州的机票
6266,交通,三都套兴义的机票
6267,交通,飞往炒饭
6268,交通,飞机场到东站近吗杭州
6269,交通,郑州到青岛的机票
6270,交通,茶呃沈阳到成都的机票
6271,交通,发往各地的机票
6272,交通,遵义到长沙的机票
6273,交通,西安飞机票
6274,交通,机票机票
6275,交通,搜一下西安到乌鲁木齐的机票
6276,交通,我到我们了天河机场地铁站
6277,交通,沈阳昆明往返机票
6278,交通,坐飞机去大草原
6279,交通,机场坐车到古镇
6280,交通,吴江盛泽到萧山机场
6281,交通,查询昆明到景洪的机票
6282,交通,我要明天去杭州的机票
6283,交通,我要从广州机场到绵阳
6284,交通,郑州至大连的飞机
6285,交通,郑州到昆明的往返机票
6286,交通,广元到上海的飞机票火车票
6287,交通,上海到三亚坐飞机多少钱
6288,交通,青海机票
6289,交通,去家补钙的机票多少钱现在
6290,交通,无锡B北京的机票价格
6291,交通,北京飞机票到日本飞机
6292,交通,襄阳到惠州东的机票
6293,交通,芜湖到上海虹桥机场的动车时间
6294,交通,南京到南昌飞机票
6295,交通,为什么机票电影票舞乐汤旺河
6296,交通,帮我查一下从昆明到西宁的机票
6297,交通,北京通王海拉尔的机票
6298,交通,石家庄到昌吉的机票
6299,交通,山西太原到大连的飞机票
6300,交通,去上海迪士尼的机票
6301,交通,淮南到青岛的机票
6302,交通,从北京到广州的机票
6303,交通,成都到三亚的飞机
6304,交通,去云南的飞机票
6305,交通,复制都骗到想要飞机票多少钱
6306,交通,长沙到乌鲁木齐的飞机
6307,交通,烟台到天津的机票
6308,交通,海烤自助街道海的海考到胡椒福州的机票
6309,交通,从东京到哈尔滨的机票
6310,交通,定长水机场到迪庆机场的机票
6311,交通,包头到青岛的特价机票有吗
6312,交通,成都到三亚机票
6313,交通,8月1号去广州的机票
6314,交通,云南的飞机票有多贵
6315,交通,去海南的机票多少钱
6316,交通,济宁到上海飞机
6317,交通,我不是药定这种骗我想了的高铁票或者飞机票或者火机票要等哪里
6318,交通,看飞机可以去哪里玩
6319,交通,美飞机票怎么一到的力道客满意
6320,交通,十指订机票
6321,交通,银川到北京的机票
6322,交通,北京到成都的飞机票
6323,交通,火车票机票
6324,交通,飞机票也不能退票能退多少钱
6325,交通,定机票
6326,交通,南昌机场到非洲平潭
6327,交通,我要订机票
6328,交通,北京到昆明的飞机漂
6329,交通,河南到郑州的飞机票
6330,交通,广东广州长隆一条龙亲子游包括机票
6331,交通,南京到青岛的机票要多少钱
6332,交通,我要买机票
6333,交通,7月23号淮安到北京的飞机
6334,交通,至张家界的航班
6335,交通,烟台到成都的机票
6336,交通,飞机票飞机票重庆到温州的飞机票
6337,交通,飞日本机票来回
6338,交通,土豆老想广州到厦门机票
6339,交通,从潍坊到北京的飞机票
6340,交通,长春飞云南机票
6341,交通,西安到青岛的机票
6342,交通,你机票
6343,交通,订机票天津
6344,交通,哈尔滨到天津常人不打折的飞机票是多少钱
6345,交通,的火车机票
6346,交通,G北京机场的在太原武宿机场的机票到石家庄的机票
6347,交通,西宁至北京的机票
6348,交通,从北京到香港的机票
6349,交通,去北京的机票
6350,交通,肥到乌鲁木齐的飞机票
6351,交通,吃夜十七号西双版纳到毕节的飞机票
6352,交通,三亚到哈尔滨飞机票
6353,交通,凤凰机场到昆明的票价
6354,交通,打折机票
6355,交通,没跟乐乐的机票我想喝位于
6356,交通,美团机票
6357,交通,空山飞往兰州的飞机
6358,交通,北京到西安的飞机票
6359,交通,成都到济南彩飞机票
6360,交通,附近卖机票的地方
6361,交通,贵阳到云南的机票
6362,交通,飞到南京的飞机票
6363,交通,从郑州到丽江飞机票多少块钱
6364,交通,看来到郑州的飞机
6365,交通,空客A380的飞机票
6366,交通,对了济南机票
6367,交通,机票郑州至连云港
6368,交通,鄂尔多斯到北戴河机票
6369,交通,得票哥削面到成都机票火车汽车票
6370,交通,拖差价哈尔滨道区到烟台几点飞机
6371,交通,G机票
6372,交通,成都到南宁的机票要多少
6373,交通,长治到广州飞机票
6374,交通,去广州的机票
6375,交通,请到乌鲁木齐的飞机票
6376,交通,青岛虽然及机票
6377,交通,武汉到澳大利亚的飞机票
6378,交通,南阳到北京的飞机票
6379,交通,到乌克兰的飞机票价格
6380,交通,银川到中卫的机票
6381,交通,机票天津北京都
6382,交通,去日本的机票日本业旧址小日本儿
6383,交通,有没有去韩国飞机的
6384,交通,洛阳对到丽江的那个飞机票把好人多钱有没有
6385,交通,海口到福州机票
6386,交通,成都到上海机票价格
6387,交通,南昌到昆明的飞机票
6388,交通,省机票
6389,交通,沈阳至合肥机票升舱多少钱
6390,交通,一节广州到杭州的飞机票
6391,交通,到成都飞机
6392,交通,特价机票
6393,交通,威尼斯的机票
6394,交通,去泰国的飞机票
6395,交通,第二种南昌市到北京的机票
6396,交通,营口到北京的机票
6397,交通,哈尔滨到北京的火车飞机
6398,交通,恩施到北京的机票
6399,交通,词语十七号四双版纳到毕节的飞机票
6400,交通,恩施到上海的机票
6401,交通,任机票定机票
6402,交通,飞机飞到张掖
6403,交通,金机票
6404,交通,没机票
6405,交通,飞机票十六号的
6406,美食,每次机票离岛烤鳗鱼
6407,交通,哈尔滨到大连机票
6408,交通,我想买飞机票
6409,交通,不然到乌鲁木齐的机票多少钱
6410,交通,郑州到云南飞机跟团多少钱
6411,交通,江北机场到菜园坝
6412,交通,兖州到哈尔滨的飞机票
6413,交通,红郑州到上海坐飞机跟团
6414,交通,1昆明到郑州的机票
6415,交通,10号太原到哈尔滨的飞机票
6416,交通,乌鲁木齐到郑州的飞机票
6417,交通,8月份特价机票
6418,交通,榆林飞往金昌的飞机
6419,交通,昨晚去北京的机票
6420,交通,飞北京的机票
6421,交通,广州到西宁的机票
6422,交通,江北机场到菜园坝有多远
6423,交通,包头到行政的机票行政
6424,交通,是烟台的飞机票价格
6425,交通,去海南三亚的飞机票多少钱
6426,交通,兰州局那个特价成人机票
6427,交通,巴厘岛的飞机票
6428,交通,广州到西藏的飞机
6429,交通,上海到云南呃的火机票是多少钱
6430,交通,哈尔滨到北京的飞机票
6431,交通,太平飞往蒸饭
6432,交通,从呼和浩特到上海的头等舱机票多少钱
6433,交通,无锡到上海的飞机票
6434,交通,从威海到北京的飞机票
6435,交通,汤山至西安机场的机票
6436,交通,查找十一去上海的国航机票
6437,交通,襄阳到郑州的飞机票
6438,交通,是上海的飞机票
6439,交通,哈尔滨到天津的机票价格儿明天
6440,交通,周五去南京的飞机
6441,交通,到西双版纳的机票多少钱
6442,交通,我要买鸡皮哦没机票
6443,交通,松江河到延吉飞机票
6444,交通,山西太原飞往沈阳的机票
6445,交通,买去上海的机票
6446,交通,那个新郑机场到乌鲁木齐店多少到和田的飞机
6447,交通,凤凰机场到昆明的火车票价
6448,交通,昆明到长沙的飞机票
6449,交通,俄罗斯飞机票
6450,交通,长春站到龙嘉机场的高铁票
6451,交通,长沙黄花机场到长沙火车南站路线
6452,交通,订厦门到合肥的机票
6453,交通,并非机票
6454,交通,子姜机场到海口机场
6455,交通,旭景不在的飞机票总多少从深圳飞往进步的基本是多少钱
6456,交通,嗯是到北京的机票
6457,交通,广州去北京的特价机票
6458,交通,锦州到海南的机票
6459,交通,顶飞机票
6460,交通,去重庆的飞机票多少元一张三人总共多少元
6461,交通,石家庄到包头的机票
6462,交通,并机票
6463,交通,鄂尔多斯到北京的机票一个人多少钱
6464,交通,长沙黄花机场到长沙火车南站路线怎么走十斤多长时间
6465,交通,无间盛泽到萧山机场大巴
6466,交通,应机票调理到上海
6467,交通,查找哈尔滨到海口的飞机
6468,交通,有地铁到机场吗
6469,交通,天津到成都的飞机票是多少
6470,交通,哦乌鲁木齐到喀什往返的机票查询
6471,交通,从武汉飞厦门的机票
6472,交通,去深圳的机票
6473,交通,我想订明天从上海出发的飞机票
6474,交通,订机票才怪龙门飞爪芝士球
6475,交通,去机场
6476,交通,桂林到宁夏的飞机票是多少
6477,交通,给我查一下那个嗯太原武宿机场的那个回机票多钱
6478,交通,潍坊到西安的飞机票
6479,交通,找秋阳订机票我要去附近人家土菜馆
6480,交通,这样出海到合肥的飞机票
6481,交通,杭州到那个安徽多少钱机票
6482,交通,昆明长水机场到弥勒
6483,交通,合肥到珠海的飞机儿童票
6484,交通,西双版纳到太原的飞机
6485,交通,第二从唐山到南昌市的机票
6486,交通,尤其到郑州的飞机票
6487,交通,飞机从北京飞到张掖
6488,交通,沈阳到长沙机票多少钱
6489,交通,烟台到广州的机票多少钱
6490,交通,青岛机票
6491,交通,五一去日本的飞机票
6492,交通,厦门到昆明飞机票
6493,交通,去飞机场的公共汽车是哪一路
6494,交通,飞机票你到科马一
6495,交通,飞机票预定
6496,交通,石林至武昌的飞机票
6497,交通,今天下午北京到上海的航班
6498,交通,广州到北京的机票
6499,交通,抢飞机票
6500,交通,泰山站到青岛机票
6501,交通,泰国曼谷机票
6502,交通,东莞到北京的飞机票
6503,交通,南京的飞机票
6504,交通,机票钱和
6505,交通,重庆飞往杭州的机票是什么时候
6506,交通,飞往安徽的飞机票
6507,交通,我要查飞机票
6508,交通,重庆机场附近大商场做什么车可以到
6509,交通,我想买十月一号从北京去香港的飞机票
6510,交通,巴楚到课室的机场是多少钱
6511,交通,给我订个机票
6512,交通,烟台到哈尔滨机票
6513,交通,6号的飞机票到桂林的
6514,交通,金边到深圳机场二十三号
6515,交通,江白机场到永川公共汽车
6516,交通,武汉到美国的飞机票
6517,交通,成都到北京明天的机票
6518,交通,银川飞往上海的机票
6519,交通,南京到昆明的机票携带两岁到十二岁的儿童
6520,交通,佳木斯到北京飞机
6521,交通,广州到太原的飞机票
6522,交通,查找飞机票
6523,交通,十一飞杭州的机票
6524,交通,到泸州的飞机票
6525,交通,电影机票
6526,交通,订机票塔城到乌鲁木齐
6527,交通,上头去襄阳机票
6528,交通,郑州到广州飞机票
6529,交通,旅游景点的飞机票
6530,交通,下周二去南京的飞机
6531,交通,西安飞安徽机票
6532,交通,南京飞往六盘水
6533,交通,长春到长沙的飞机票多少钱
6534,交通,银川到上海的机票
6535,交通,新银耳广西的飞机票
6536,交通,珠海到合肥的飞机票
6537,交通,太原到大连的和飞机票多少钱
6538,交通,巴中自白京飞机票
6539,交通,哈尔滨到烟台几点有飞机
6540,交通,沈阳到葫芦岛北高铁
6541,交通,我想高铁到浙江宁波高铁票多少钱
6542,交通,银川火车票
6543,交通,火车票
6544,交通,诸暨到杭州的火车
6545,交通,我这个火车票你今天晚上怎么听不到啊
6546,交通,查一下明天去杭州的火车票
6547,交通,泰安到烟台动车票
6548,交通,从洛阳到郑州的高铁票
6549,交通,北京到济南西的动车
6550,交通,嗯上海到长春的火车票
6551,交通,我要滴滴打车到火车站
6552,交通,我是觉得嘉峪关到石河子火车票
6553,交通,火车有没有到西山海盗虾
6554,交通,阜阳到上海的火车票
6555,交通,下雨记太阳的火车票需要两个两个小两天
6556,交通,我下周二要用高铁去上海
6557,交通,从淮北到芜湖的火车票
6558,交通,去上海火车
6559,交通,这个星期日长春到信阳的火车票
6560,交通,淮南到上海的火车票
6561,交通,临汾到运城火车票
6562,交通,瑞昌到上饶火车票
6563,交通,西安到三亚的高铁
6564,交通,蝇子到承德的火车几点
6565,交通,去深圳小梅沙坐高铁哪一个站近一点
6566,交通,去北京的火车票
6567,交通,武汉到衢州火车票多少钱
6568,交通,从武汉武昌火车站到黄鹤楼坐几路车
6569,交通,沈阳北到清朝北的动车
6570,交通,帮我查一下高铁票
6571,交通,定重庆的高铁票
6572,交通,宁波到蚌埠的高铁票
6573,交通,锦州到葫芦岛的火车
6574,交通,一地政府到火车站进站口
6575,交通,上海成才卧铺辣子鸡
6576,交通,吉林到长春动车票27号了
6577,交通,四川广元到武汉火车票
6578,交通,建厂到葫芦岛嗯火车
6579,交通,贵阳北到广东福山西的高铁
6580,交通,我也到南京的火车票
6581,交通,买去杭州的火车票
6582,交通,从安顺有没有到荔波的高铁
6583,交通,二十一号的火车票是银行汇票友谊的汤粥的吩咐
6584,交通,嘉兴到贵州贵阳的高铁票
6585,交通,盐城到武汉火车票
6586,交通,日喀则到西宁火车票
6587,交通,古老特到大连火车票卧铺三十号
6588,交通,是合肥到珠海的火车票
6589,交通,杭州到日本大阪的机票有多少还有去日本那种类似于那种那二百其他地方那个什么地方有多少李叔说最好插的火车票
6590,交通,深圳摆到佛山西的高铁票
6591,交通,兰州到银川的火车票
6592,交通,帮我找傅承德火车票家庭公寓
6593,交通,北京南站到佳木斯的火车有吗
6594,交通,建德到上海南的高铁票
6595,交通,北京到淮南的高铁票
6596,交通,曲靖到昆明的火车火车站
6597,交通,石柱到重庆八月三号下午的火车票有没有
6598,交通,什么火车票
6599,交通,平移到青岛的火车票
6600,交通,南戴河到北京的火车票
6601,交通,查找十五天后南京到杭州的火车票
6602,交通,高铁票我
6603,交通,今天南到包头火车站
6604,交通,可惜你贵阳到西安的火车票
6605,交通,上海大常州恐龙园的火车票
6606,交通,郑州到珠海的火车去的飞机票
6607,交通,安顺到贵阳高铁票
6608,交通,西安到北京的火车
6609,交通,坐地铁上海到西安火车票
6610,交通,你到上海的火车票
6611,交通,从东营到北京的火车票
6612,交通,赣州到永安的火车不是永不是永永远的永不是那个姓荣金融的永那个永
6613,交通,查询鸡西到哈尔滨的火车票十三日的
6614,交通,本周日到南京的高铁
6615,交通,六层至北京的火车票今天有票吗
6616,交通,山东坐高铁到北京的票
6617,交通,去东皇的动车
6618,交通,凤城到丹东的高铁票
6619,交通,坐火车到邮电大学需要多少小时
6620,交通,从六安到从无锡到六安的火车票
6621,交通,邢台到秦皇岛火车票
6622,交通,5号7月5号然后上海的火车票动车票上海的动车票多少钱一张
6623,交通,山东到蓬莱的火车票有没有
6624,交通,郑州到濮阳的火车k117
6625,交通,定葱丝阜阳到上海的火车票
6626,交通,洛阳到郑州火车票
6627,交通,牡丹江到哈尔滨的火车
6628,交通,嗯高铁侠一电影票
6629,交通,我要繁琐等长沙紫色东的高铁票下午三四点钟左右的
6630,交通,个人建议是这周三到南京的高铁
6631,交通,火车票西安到上海
6632,交通,大连到锦州的火车
6633,交通,通辽到北京的火车票去通辽
6634,交通,火车到西宁几点
6635,交通,海水浴场到剑桥火车站
6636,交通,从矿务局大学到火车站汽车
6637,交通,到池州的高铁
6638,交通,去余姚北站高铁最快新手
6639,交通,北京到抚顺北火车
6640,交通,幸福村水牛火车站到廊坊的火车票
6641,交通,乐清到杭州东的动车
6642,交通,常州到广东动车
6643,交通,余姚北站是淮北的火车票
6644,交通,抹茶难道柳州的动车票
6645,交通,从七台河到佳木斯的火车最早几点
6646,交通,能上海到桐乡的高铁票
6647,交通,SO动车车票
6648,交通,床杭州城站火车站到商城县车票还有没有
6649,交通,德州到石家庄火车票
6650,交通,石狮到关林高铁站
6651,交通,我要订中秋节的火车票
6652,交通,池州到巢湖的高铁
6653,交通,国庆节的高铁票
6654,交通,宿迁到上海的火车票多少钱
6655,交通,南昌到武汉火车
6656,交通,石家庄到徐州的火车票
6657,交通,我不要吃火车票
6658,交通,北京到呼和浩特有高铁或者动车吗
6659,交通,这么的金华的火车票
6660,交通,想问一下昆明到宿州的火车有没有卧铺下铺的菜品
6661,交通,重庆到成都的高铁
6662,交通,抚顺到杭州火车票
6663,交通,去三亚火车票多少点一般
6664,交通,洛阳高铁到浙江宁波高铁票多少钱
6665,交通,洛阳到西安的高铁票
6666,交通,运城北站去北京西站高铁
6667,交通,我想买一张八月一号从北京去南京下午三点的二等座火车票
6668,交通,成都大乌路空其火车票
6669,交通,北京二十七次到丹东的火车票
6670,交通,红江油到成都的火车票
6671,交通,从广州到石林的火车票
6672,交通,永春到密山的火车
6673,交通,潮汕到福州动车票
6674,交通,太原到平遥古城的火车票
6675,交通,哦火车票
6676,交通,我到武汉的高铁
6677,交通,平顶山到包风里火车票
6678,交通,从郑州到重庆的高铁
6679,交通,从房店去大连的火车票
6680,交通,那武夷山的火车票
6681,交通,为美德美德我订的火车票已经怎么位置抢光了你你怎么没有把我的位置定好啊
6682,交通,沈阳到葫芦岛的动车
6683,交通,我想到北京高铁
6684,交通,去威海动车学生票嫌多
6685,交通,景德镇到北京高铁
6686,交通,明天去南京的高铁
6687,交通,动车票
6688,交通,哈尔滨到长春高铁
6689,交通,乌海到银川的火车票
6690,交通,青田到丽水哎的动车票心机日
6691,交通,OK火车票
6692,交通,恩施火车站到土司城有多远
6693,交通,杭州高铁票
6694,交通,火车火车票上海到西安的票
6695,交通,去三亚火车壁厚多少点
6696,交通,汉口到苏州的动车
6697,交通,南宁职业的火车票
6698,交通,泰州到广州的火车票
6699,交通,沈阳到阜新的高铁
6700,交通,北京到长春的动车票
6701,交通,铜梁到西昌的火车票
6702,交通,保定到秦皇岛高铁
6703,交通,从北京到上海的卧铺
6704,交通,余姚到桐庐高铁
6705,交通,广元到北京动车
6706,交通,武汉到昆明的火车票
6707,交通,从许昌到郑州高铁票价
6708,交通,明天日照返北京的火车票
6709,交通,聊城到青岛的火车票
6710,交通,扬州到浙江萧山的火车票
6711,交通,烟台到义乌火车站的硬卧车票
6712,交通,反正到呼和浩特火车票
6713,交通,陕西商务懂武汉火车票
6714,交通,上海到广州的高铁
6715,交通,北京至西安火车票
6716,交通,火车票佳木斯到深圳
6717,交通,徐州到北京T三嗯都飞机场的高铁勇啊
6718,交通,成都到济南的火车票
6719,交通,k288的火车票还有吗
6720,交通,从呼和浩特区铁匠的火车票
6721,交通,枣庄到淄博的高铁票
6722,交通,聊城报贵州的火车票
6723,交通,有个男的火车票
6724,交通,丽水到河南的火车
6725,交通,都江堰到犀浦的动车高铁动车
6726,交通,石家庄到乌鲁木齐的高铁票
6727,交通,沧州到绍兴火车票
6728,交通,大连到鲅鱼圈的动车票
6729,美食,采卧铺辣子鸡
6730,交通,到北京的高铁
6731,交通,西安到连云港东的火车
6732,交通,枣庄之天井宝坻的动车票
6733,交通,滁州到北京的火车票
6734,交通,我先七夕呢西安古城西安火车票
6735,交通,我要十一去南京的火车票
6736,交通,乌鲁木齐到郯城的火车票
6737,交通,万州到永安的火车
6738,交通,张家口到信阳火车票
6739,交通,徐泾北到上海的高铁票
6740,交通,我要买火车票
6741,交通,下周六去深圳的火车票
6742,交通,牛汉口到广安的火车票吗
6743,交通,巢湖市的火车票
6744,交通,一次到平遥古城的火车票
6745,交通,马鞍山到武汉火车票
6746,交通,新浦到泗阳火车票多少钱
6747,交通,济南到南通的火车票
6748,交通,从代县到忻州的火车
6749,交通,聊城到嘉兴的火车票
6750,交通,福州到厦门的高铁
6751,交通,济南到潍坊里高铁
6752,交通,昌黎到衡水的火车
6753,交通,从济宁到锦州火车票
6754,交通,我想请问昆明到下关的高铁还有没有今天
6755,交通,郑州到鹰潭的火车票火车票
6756,交通,南充到阆中的火车票
6757,交通,查找三十号去南京的高铁票
6758,交通,建议到六盘水水城的动车
6759,交通,我要订十二月十号去南京的火车票
6760,交通,青岛北站到威海的高铁
6761,交通,漯河到武汉的高铁票
6762,交通,明天去杭州的高铁
6763,交通,我要卖那个动车票
6764,交通,我要订去南宁的火车票
6765,交通,长春的动车票
6766,交通,吉林市到大庆市高铁
6767,交通,通往秦皇岛的火车票
6768,交通,白城到长春二十九号高铁
6769,交通,张家界至常德的火车票
6770,交通,邵阳到南京的火车票
6771,交通,我要买中秋节去北京的火车票
6772,交通,珠海到阜阳的火车票
6773,交通,六一火车票上海到西安
6774,交通,西安高铁票
6775,交通,去火车站
6776,交通,是从石家庄到北京坐高铁三个人需要多少元
6777,交通,保利到天津的火车票
6778,交通,买广州至沈阳北的卧铺票
6779,交通,临沂到烟台的火车站
6780,交通,下周二去南京的高铁
6781,交通,天津到大连火车票
6782,交通,鹤岗到北京的火车
6783,交通,吉林市到场大庆市高铁
6784,交通,下午三点后又去上海的高铁票么
6785,交通,北京到上海的高铁票
6786,交通,昆明到长治的火车票
6787,交通,桂林到连云港的火车
6788,交通,廊坊通往西安的火车票多少钱
6789,交通,南通汽车站到启东火车站滴滴
6790,交通,八月二十六日到杭州的高铁
6791,交通,太原到郑州的动车
6792,交通,兰州平陵广场到火车站有多远
6793,交通,瓦房店买上到大连的火车票
6794,交通,去嘉峪关的高铁票
6795,交通,丽江到昆明的高铁票
6796,交通,7月6号上海到上海南昌至上海的高铁票多少钱一张
6797,交通,芜湖到上海虹桥动车
6798,交通,济南到南京的火车票
6799,交通,福建福州到武汉的高铁
6800,交通,福利有没有电话火车票的地方
6801,交通,哈尔滨去兴城的高铁
6802,交通,领火车票
6803,交通,对应动车票
6804,交通,书院城到牡丹江火车
6805,交通,沧州到济南的火车
6806,交通,火车票怎么过
6807,交通,查一下北京到杭州的火车票
6808,交通,我要去南京的火车票
6809,交通,我要去天津的火车票从呼和浩特炒饭
6810,交通,凡南到北京的高铁票
6811,交通,从合肥到武汉动车
6812,交通,锦州到济南的嗯高铁
6813,交通,霸主南站之谜呢站的高铁票
6814,交通,通辽到沈阳高铁票
6815,交通,燕郊到北京的火车
6816,交通,王总来了八零去鲅鱼圈的高铁
6817,交通,朝鲜到经验济南的火车
6818,交通,玉林到武汉火车
6819,交通,特价动车票
6820,交通,杭州至昆山的火车票
6821,交通,成都到崇州高铁
6822,交通,十一去南京的火车票
6823,交通,麦思广州至沈阳的卧铺票
6824,交通,重庆重庆到牡丹江的火车票是多少时间的
6825,交通,营长到承德的火车几点
6826,交通,随女服车站到阆中的火车票
6827,交通,包头到北京的火车有几趟
6828,交通,泰安到济南的动车票
6829,交通,大同到电影院的火车几点有
6830,交通,哈尔滨到大连的火车票
6831,交通,十三岁小孩要不要动车票
6832,交通,高铁车票
6833,交通,武汉到恩施的高铁票
6834,交通,嗯火车票
6835,交通,盛宣城到昆明高铁多少钱
6836,交通,贵阳到成都的火车票
6837,交通,能不能帮忙买到南京到宝鸡的26号的卧铺两张卧铺票有没有
6838,交通,秦皇岛到平遥的火车票
6839,交通,上海到连云港火车票
6840,交通,武汉到云南的动车票多少钱
6841,交通,宁波喜得西南高铁票
6842,交通,先到鄂尔多斯吧火车
6843,交通,我想查一下明天明天南宁东到钦州东的有多少麻雀多少班切糕动车的动车了
6844,交通,洛阳到北京的火车票要卧铺
6845,交通,香港火车站到迪士尼迪士尼乐园坐几号车
6846,交通,开阳到西安的火车票
6847,交通,开封到驻马店的高铁
6848,交通,南京到合肥的高铁票
6849,交通,自贡栈道昆明站的火车票
6850,交通,通山都坐高铁到北京一共要多少钱
6851,交通,高铁站到长沙
6852,交通,龙门火车票
6853,交通,兰州到青海湖的高铁
6854,交通,我想查一下十八号海城至沈阳的火车票静几点的
6855,交通,淮南到北京的高铁票
6856,交通,盐城到北京的火车票
6857,交通,荣北京到通辽的火车票
6858,交通,鞍山到秦皇岛的火车票
6859,交通,潍坊道东北的火车票
6860,交通,今天咸阳捣乱的高铁是几点的票
6861,交通,芜湖到西安的火车
6862,交通,锦州到济南的高铁
6863,交通,承德到叶柏寿的高铁票
6864,交通,火车票从安宁到四川七月二十三号
6865,交通,广州至武汉高铁票
6866,交通,去葫芦岛兴城的动车
6867,交通,周站到苏州火车站到周庄坐什么车最近
6868,交通,达州到宁波的火车票卧铺
6869,交通,火车票动车票从徐州到鸡西的动车票
6870,交通,芜湖到上海虹桥十四号的动车
6871,交通,建水米轨小火车票
6872,交通,长沙至深圳火车票
6873,交通,我要去火车站
6874,交通,岳阳到马鞍山的火车
6875,交通,打车到高铁站
6876,交通,六月二十五日巴楚到喀什的火车票硬卧
6877,交通,丽江到广州的火锅店高铁火车票
6878,交通,难懂到北京的高铁的票
6879,交通,帮我订张上海南站到昆山南站的高铁票
6880,交通,Z湛江到重庆的火车
6881,交通,去茶的火车票
6882,交通,十堰到苏州的火车
6883,交通,五一的天津火车票
6884,交通,大连到扶余的火车票都几点的
6885,交通,南昌到乐平的火车
6886,交通,从铜仁到贵阳的火车票
6887,交通,聚难得费县的火车票
6888,交通,我要滴滴打车到赣州火车站
6889,交通,武汉到光山的火车票
6890,交通,我要从兜兜益阳的火车票看一下
6891,交通,后天去北京的高铁票
6892,交通,阜阳到珠海的火车票软卧
6893,交通,都市田园到火车站车费多少
6894,交通,下周日到杭州的火车票
6895,交通,我是热高水上世界火车票
6896,交通,郑州到安徽的火车票
6897,交通,沈阳到徐州的火车票
6898,交通,杨凌好又多国贸店到杨凌高铁站有多远
6899,交通,我这个火车票为什么还听不到啊
6900,交通,牡丹江到东方红的火车
6901,交通,郑州到洛阳火车票
6902,交通,我要明天到南京的高铁
6903,交通,订购火车票
6904,交通,杭州到盘州站高铁火车票查询
6905,交通,台北到石家庄的动车票
6906,交通,芜湖到南京的动车
6907,交通,都江堰到成都犀浦动车
6908,交通,我要买十一去南京的火车票
6909,交通,亏美指抢眼高铁票
6910,交通,克勒玛克拉玛依到塔城的火车票
6911,交通,我要坐火车去海宁
6912,交通,砀山到连云港东站的高铁票
6913,交通,临汾去北京的啊火车票十二号的
6914,交通,龙从菏泽到济南的火车票
6915,交通,六盘水到昆明的火车票
6916,交通,三岁至贵阳的高铁票
6917,交通,昌图的火车票
6918,交通,银川到青岛火车票
6919,交通,重庆到黑龙江牡丹江的火车票
6920,交通,新兴的鹤壁的火车票
6921,交通,我要订十一月十五号去南京的火车票
6922,交通,不用到珠海的火车票
6923,交通,湖州到合肥的高铁票
6924,交通,在德州去海口的火车票
6925,交通,从运城到泰安的火车票
6926,交通,我想问一下有没有就要二十三号的火车票
6927,交通,重庆到贵州六盘水的动车车票价格是多少
6928,交通,嗯丽江到昆明的高铁
6929,交通,杨凌到成都的高铁多少钱
6930,交通,青岛火车几火车票
6931,交通,预定十一的火车票
6932,交通,从乌鲁木齐到奎屯的火车票
6933,交通,订高铁票龙口到天津的高铁票
6934,交通,从天津站到武清的高铁票
6935,交通,郑州到周口火车票
6936,交通,明天到南京的高铁
6937,交通,沧州到浙江火车票
6938,交通,去吉林的火车票
6939,交通,杭州到湖州高铁站售票
6940,交通,滕州到南宁的火车票
6941,交通,鱼洞到武汉火车票
6942,交通,郑州到杭州高铁票多少钱
6943,交通,容桂到江门的火车票
6944,交通,北京到广州的高铁
6945,交通,鹤壁新区到新乡的火车票
6946,交通,hi海宁到上海火车票
6947,交通,你好可以买尔模样去威海的火车票儿童披萨票线多少分高
6948,交通,抚顺到扬州火车票
6949,交通,乐山到青神的高铁票
6950,交通,阜阳到泰州的车火车票
6951,交通,从柳河到长春火车票晚上下半夜
6952,交通,从西安到青海湖的火车票
6953,交通,锦州到临海火车时间表
6954,交通,合肥到武汉火车票
6955,交通,我想订一张去杭州的火车票
6956,交通,襄阳到蓬莱的火车票
6957,交通,我要订去南京的火车票
6958,交通,中山到南京的高铁
6959,交通,牡丹江到沈阳高铁
6960,交通,合阳到永州的火车
6961,交通,长春松原组团旅游到火车上的
6962,交通,汉口到息县火车票
6963,交通,三亚到北京火车票
6964,交通,长沙到广州南的高铁票
6965,交通,拾到珠海动车票
6966,交通,嗯买七号深圳站到和信阳的高铁票
6967,交通,搜索西安到昆明的高铁票
6968,交通,北京的火车票
6969,交通,请问景德镇有没有火车到这家湖州德清的火车有没有
6970,交通,上虞到杭州的火车票
6971,交通,高铁从徐州到常州
6972,交通,从江油到成都的火车站
6973,交通,其他和到佳木斯的火车
6974,交通,去青城山火车票
6975,交通,潮汕到深圳火车票多少钱
6976,交通,威海到青岛的高铁
6977,交通,厦门到杭州的动车票
6978,交通,平遥古城到石家庄的火车票
6979,交通,集安到通化的火车票
6980,交通,济南火车站到日照的火车票
6981,交通,上海到三门峡动车票
6982,交通,临沂到威海火车票
6983,交通,泸州到成都的火车多少钱
6984,交通,定存昆山南到杭州的高铁票
6985,交通,滦县到绥化的火车票
6986,交通,岳阳到九江的动车
6987,交通,坐火车去北京
6988,交通,从徐州到上海的火车票多少钱
6989,交通,找一下下午三点去上海的火车票
6990,交通,坐高铁去北京
6991,交通,购买高铁票
6992,交通,去广州的高铁票
6993,交通,郑州到渑池的火车时刻表
6994,交通,屋里到天津火车票
6995,交通,烟台到平遥的火车票
6996,交通,泰安到哈尔滨火车票
6997,交通,大庆西去大连北高铁
6998,交通,到杭州的火车票
6999,交通,牙克石到锡林浩特的火车票
7000,交通,查找去杭州的火车票
7001,交通,从福建石狮到嗯关岭的高铁站
7002,交通,曲阜到无为的票高铁票
7003,交通,红吉首到广东的硬卧火车票
7004,交通,南京到滁州高铁票
7005,交通,湖南临澧火车票
7006,交通,销售火车票的网点
7007,交通,上海动车票
7008,交通,重庆到鄂尔多斯的活动车票
7009,交通,去蓬莱的火车
7010,交通,沂水到张家口的火车
7011,交通,长寿到石柱的动车票
7012,交通,去去青岛的高铁
7013,交通,大同到六合的火车票
7014,交通,兰州到昆明的特价火车票
7015,交通,查一下北京南站到上海虹桥的高铁火车票
7016,交通,漯河到北京高铁
7017,交通,我不火车票是多少钱
7018,交通,新乡市华阴的火车票
7019,交通,沈阳到恩施湖北恩施火车票
7020,交通,到郑州的火车票
7021,交通,到火车站多少钱
7022,交通,我们合肥到许昌的高铁票
7023,交通,大连圣亚海洋世界车火车票
7024,交通,长春到徐州的火车
7025,交通,鹤岗到佳木斯的火车票
7026,交通,再到延安火车
7027,交通,娄底开往长沙的高铁票
7028,交通,济南到宁波的动车
7029,交通,滕州到威海的火车票
7030,交通,从亚布力到大连的高铁多少钱
7031,交通,马鞍山到芜湖的动车
7032,交通,从港州高铁坐到松
7033,交通,沈阳到大连火车票多少钱
7034,交通,铜陵到上海的高铁票
7035,交通,长春吉林到武汉火车票
7036,交通,去鲁山至正直株洲的火车票
7037,交通,从西安到北京的火车票
7038,交通,北京到哈尔滨的高铁票
7039,交通,去上海区北京的火车票
7040,交通,查找北京去杭州的高铁票
7041,交通,北京南站到济南的火车
7042,交通,到大连发现王国的火车票或者高铁票
7043,交通,遵义到武汉火车票
7044,交通,邢台至滦县火车票
7045,交通,泰山站到青岛的车火车票
7046,交通,去陕西的火车票
7047,交通,听牧牛重庆到贵阳高铁
7048,交通,陕西榆林到武汉火车
7049,交通,西宁到德令哈的火车票
7050,交通,去延安的高铁
7051,交通,恩施火车站到五土家
7052,交通,从成都到泸州的火车票
7053,交通,从邯郸到石家庄的火车票
7054,交通,单身高木威海动车二两仙豆糕威海儿童票限多高
7055,交通,从乌鲁木齐到西宁的动车票多少钱我说的是十月二号的鱼
7056,交通,娘子关火车票
7057,交通,连云港到青岛的高铁车票
7058,交通,广州到信阳东的高铁票
7059,交通,包头到山东的火车
7060,交通,商丘只大连的火车票
7061,交通,有一张火车票的订单在哪里
7062,交通,兰州到到嘉峪关的火车票
7063,交通,西安到驻马店的火那个高铁票
7064,交通,亳州到宁波的火车票
7065,交通,石家庄到太原的火车票
7066,交通,女儿城到武汉火车票
7067,交通,后天到秦皇岛着火车票
7068,交通,我要去福州福州火车站
7069,交通,合肥到六安的高铁票
7070,交通,从延吉到吉林的高铁票
7071,交通,铜锣到邹城火车票
7072,交通,明天下午芜湖高铁站去南京南站的地铁出行时间
7073,交通,七台河到沈阳的火车上多少钱
7074,交通,从安达到大连的火车票
7075,交通,请问有没有人到淮安的火车
7076,交通,天津高铁车票
7077,交通,南阳到广州的火车票
7078,交通,2大连到太原高铁怎么走
7079,交通,火车株洲站到武汉的火车票
7080,交通,去芜湖的火车票
7081,交通,七月二十七号儿去松江河的火车有几点的
7082,交通,我要订那个漯河到定州的火车票火车票
7083,交通,吉林高铁票
7084,交通,去青岛的火车票
7085,交通,阜新到沈阳北动车最晚几点
7086,交通,信阳到北京的火车票
7087,交通,你是昆山火车票10
7088,交通,卧铺
7089,交通,沈阳北到三亚的火车几点有
7090,交通,天津到新沂火车票
7091,交通,济南东到济南西火车票
7092,交通,兰州到重庆火车
7093,交通,金德最后一班高铁几点到铜陵
7094,交通,天津的火车票
7095,交通,火车票查询k115次列车
7096,交通,石家庄到大连火车票
7097,交通,葫芦岛到营口高铁
7098,交通,滦县到绥化的火车票软座
7099,交通,我要用高我要做高铁去上海
7100,交通,从苏州到太原的火车票
7101,交通,湖州到天津的火车票
7102,交通,西安去平顶山的火车
7103,交通,天门南站到汉口的高铁票
7104,交通,岳阳东站到马鞍山东站了动车
7105,交通,开行动车到营口
7106,交通,没有北京到广州的高铁票
7107,交通,长白山到大连的火车
7108,交通,珠海到百色的高铁票
7109,交通,万松路到动车站有多少钱
7110,交通,7月6号7月6号7月6号的高铁票到上海的高铁票多少钱一张
7111,交通,昆明到成都的高铁票在哪里买
7112,交通,贵阳北站到第包高铁
7113,交通,新华到鲅鱼圈的卧铺
7114,交通,闻喜到西安的高铁票
7115,交通,石家庄到北京的动车票
7116,交通,我订的火车票
7117,交通,西安到浙江丽水的火车票
7118,交通,卧铺火车票
7119,交通,铜仁铜仁高铁站到重庆高铁站
7120,交通,沈阳北站到公主岭的火车票
7121,交通,订一张从北京到武汉的高铁票
7122,交通,小四到怀仁的火车票多少钱
7123,交通,都江堰到成都的高铁动车
7124,交通,晕都到齐南动车
7125,交通,您到昆明的高铁
7126,交通,上海到阜阳火车票
7127,交通,从吴江到天津站的高铁票
7128,交通,从安达到大连的高铁票
7129,交通,帮我查一下阳春到广州的火车火车
7130,交通,从无锡到六安的火车票
7131,交通,长沙到银川的火车票
7132,交通,重庆到大理火车票
7133,交通,去广州的火车票
7134,交通,任丘到武汉的高铁票
7135,交通,新余到昆明的高铁票
7136,交通,西安到成都的高铁多少钱
7137,交通,四平到黑龙江绥化的火车票
7138,交通,喂您好是美团客服吗我在你们平台订的那个火车票怎么没有人送到指定地点呀为什么呀
7139,交通,苏州去张家口的火车票
7140,交通,泰安到蓬莱火车票
7141,交通,开鲁到呼市的火车硬卧
7142,交通,火车票蓝鲸
7143,交通,沈阳到葫芦岛兴城的动车最早的几点
7144,交通,重庆有没有到那个我没的高铁
7145,交通,安徽巢湖到上海南站的火车票
7146,交通,韶关至佛山的火车票
7147,交通,合肥到芜湖的高铁时刻表
7148,交通,嗯周日到南京的高铁
7149,交通,南充到西宁的火车票